3Q4T,
3SOC,
4ASX,
5NH3,
1M5I,
1TH1,
3AU3,
3NMW,
3NMX,
3NMZ,
3QHE,
3T7U,
4YJE,
4YJL,
4YK6,
5B6G,
5IZ6,
5IZ8,
5IZ9,
5IZA,
2CXY,
2EH9,
3QL9,
3QLA,
3QLC,
3QLN,
4W5A,
1DK8,
1EMU,
1A1M,
1A1N,
1A1O,
1A6Z,
1A9B,
1A9E,
1AGB,
1AGC,
1AGD,
1AGE,
1AGF,
1AKJ,
1AO7,
1B0G,
1B0R,
1BD2,
1C16,
1CE6,
1CG9,
1DE4,
1DUY,
1DUZ,
1E27,
1E28,
1EEY,
1EEZ,
1EFX,
1EXU,
1GZP,
1GZQ,
1HHG,
1HHH,
1HHI,
1HHJ,
1HHK,
1HLA,
1HSA,
1HSB,
1I1F,
1I1Y,
1I4F,
1I7R,
1I7T,
1I7U,
1IM3,
1IM9,
1JF1,
1JGD,
1JGE,
1JHT,
1K5N,
1KPR,
1KTL,
1LDS,
1LP9,
1M05,
1M6O,
1MHE,
1MI5,
1N2R,
1OF2,
1OGA,
1OGT,
1ONQ,
1P7Q,
1PY4,
1Q94,
1QEW,
1QLF,
1QQD,
1QR1,
1QRN,
1QSE,
1QSF,
1QVO,
1R3H,
1S8D,
1S9W,
1S9X,
1S9Y,
1SYS,
1SYV,
1T1W,
1T1X,
1T1Y,
1T1Z,
1T20,
1T21,
1T22,
1TMC,
1TVB,
1TVH,
1UQS,
1UXS,
1UXW,
1VGK,
1W0V,
1W0W,
1W72,
1X7Q,
1XH3,
1XR8,
1XR9,
1XZ0,
1YDP,
1YPZ,
1ZHK,
1ZHL,
1ZS8,
1ZSD,
1ZT4,
1ZVS,
2A83,
2AK4,
2AV1,
2AV7,
2AXF,
2AXG,
2BCK,
2BNQ,
2BNR,
2BSR,
2BSS,
2BST,
2BVO,
2BVP,
2BVQ,
2C7U,
2CII,
2CIK,
2CLR,
2D31,
2D4D,
2D4F,
2DYP,
2ESV,
2F53,
2F54,
2F74,
2F8O,
2FYY,
2FZ3,
2GIT,
2GJ6,
2GT9,
2GTW,
2GTZ,
2GUO,
2H26,
2H6P,
2HJK,
2HJL,
2HLA,
2HN7,
2J8U,
2JCC,
2NW3,
2NX5,
2P5E,
2P5W,
2PO6,
2PYE,
2RFX,
2UWE,
2V2W,
2V2X,
2VLJ,
2VLK,
2VLL,
2VLR,
2X4N,
2X4O,
2X4P,
2X4Q,
2X4R,
2X4S,
2X4T,
2X4U,
2X70,
2X89,
2XPG,
2YPK,
2YPL,
2YXF,
2Z9T,
3AM8,
3B3I,
3B6S,
3BGM,
3BH8,
3BH9,
3BHB,
3BO8,
3BP4,
3BP7,
3BVN,
3BW9,
3BWA,
3BXN,
3BZE,
3BZF,
3C9N,
3CDG,
3CII,
3CIQ,
3CZF,
3D18,
3D25,
3D2U,
3D39,
3D3V,
3DBX,
3DHJ,
3DHM,
3DTX,
3DX6,
3DX7,
3DX8,
3DXA,
3EKC,
3FFC,
3FQN,
3FQR,
3FQT,
3FQU,
3FQW,
3FQX,
3FT2,
3FT3,
3FT4,
3GIV,
3GJF,
3GSN,
3GSO,
3GSQ,
3GSR,
3GSU,
3GSV,
3GSW,
3GSX,
3H7B,
3H9H,
3H9S,
3HAE,
3HCV,
3HG1,
3HLA,
3HPJ,
3HUJ,
3I6G,
3I6K,
3I6L,
3IB4,
3IXA,
3JTS,
3KLA,
3KPL,
3KPM,
3KPN,
3KPO,
3KPP,
3KPQ,
3KPR,
3KPS,
3KWW,
3KXF,
3KYN,
3KYO,
3L3D,
3L3G,
3L3I,
3L3J,
3L3K,
3LKN,
3LKO,
3LKP,
3LKQ,
3LKR,
3LKS,
3LN4,
3LN5,
3LOW,
3LV3,
3M17,
3M1B,
3MGO,
3MGT,
3MR9,
3MRB,
3MRC,
3MRD,
3MRE,
3MRF,
3MRG,
3MRH,
3MRI,
3MRJ,
3MRK,
3MRL,
3MRM,
3MRN,
3MRO,
3MRP,
3MRQ,
3MRR,
3MV7,
3MV8,
3MV9,
3MYJ,
3MYZ,
3MZT,
3NA4,
3NFN,
3O3A,
3O3B,
3O3D,
3O3E,
3O4L,
3OV6,
3OX8,
3OXR,
3OXS,
3PWJ,
3PWL,
3PWN,
3PWP,
3QDA,
3QDG,
3QDJ,
3QDM,
3QEQ,
3QFD,
3QFJ,
3QZW,
3REW,
3RL1,
3RL2,
3RWJ,
3S6C,
3SDX,
3SJV,
3SKM,
3SKO,
3SPV,
3T8X,
3TID,
3TIE,
3TLR,
3TM6,
3TO2,
3TZV,
3U0P,
3UPR,
3UTQ,
3UTS,
3UTT,
3V5D,
3V5H,
3V5K,
3VCL,
3VFM,
3VFN,
3VFO,
3VFP,
3VFR,
3VFS,
3VFT,
3VFU,
3VFV,
3VFW,
3VH8,
3VRI,
3VRJ,
3VWJ,
3VWK,
3VXM,
3VXN,
3VXO,
3VXP,
3VXR,
3VXS,
3VXU,
3W0W,
3W39,
3WL9,
3WLB,
3WUW,
3X11,
3X12,
3X13,
3X14,
4E5X,
4EN3,
4EUP,
4F7M,
4F7P,
4F7T,
4FTV,
4FXL,
4G8G,
4G8I,
4G9D,
4G9F,
4GKN,
4GKS,
4GUP,
4HKJ,
4HWZ,
4HX1,
4I48,
4I4W,
4JFD,
4JFE,
4JFF,
4JFO,
4JFP,
4JFQ,
4JQV,
4JQX,
4JRX,
4JRY,
4K71,
4K7F,
4KDT,
4L29,
4L3C,
4L3E,
4L4T,
4L4V,
4LCW,
4LCY,
4LHU,
4LNR,
4M8V,
4MJ5,
4MJ6,
4MJI,
4MNQ,
4N0F,
4N0U,
4N8V,
4NNX,
4NNY,
4NO0,
4NO2,
4NO3,
4NO5,
4NQC,
4NQD,
4NQE,
4NQV,
4NQX,
4NT6,
4O2C,
4O2E,
4O2F,
4ONO,
4PJ5,
4PJ7,
4PJ8,
4PJ9,
4PJA,
4PJB,
4PJC,
4PJD,
4PJE,
4PJF,
4PJG,
4PJH,
4PJI,
4PJX,
4PR5,
4PRA,
4PRB,
4PRD,
4PRE,
4PRH,
4PRI,
4PRN,
4PRP,
4QOK,
4QRP,
4QRQ,
4QRR,
4QRS,
4QRT,
4QRU,
4R9H,
4RA3,
4RAH,
4RMQ,
4RMR,
4RMS,
4RMT,
4RMU,
4RMV,
4RMW,
4U1H,
4U1I,
4U1J,
4U1K,
4U1L,
4U1M,
4U1N,
4U1S,
4U6X,
4U6Y,
4UQ2,
4UQ3,
4WDI,
4WJ5,
4WO4,
4WU5,
4WU7,
4WUU,
4WW2,
4WWK,
4X6C,
4X6D,
4X6E,
4X6F,
4XXC,
4Z76,
4Z77,
4Z78,
5B38,
5B39,
5BJT,
5BRZ,
5BS0,
5BXF,
5C07,
5C08,
5C09,
5C0A,
5C0B,
5C0C,
5C0D,
5C0E,
5C0F,
5C0G,
5C0I,
5C0J,
5C9J,
5CFH,
5CKA,
5CKG,
5CS7,
5CSB,
5CSG,
5D2L,
5D2N,
5D5M,
5D7I,
5D7J,
5D7L,
5D9S,
5DDH,
5DEF,
5DEG,
5E00,
5E6I,
5E9D,
5ENW,
5EO0,
5EO1,
5EOT,
5EU3,
5EU4,
5EU5,
5EU6,
5EUO,
5F7D,
5F9J,
5FA3,
5FA4,
5FDW,
5GR7,
5GRD,
5GRG,
5GSB,
5GSD,
5GSR,
5GSV,
5GSX,
5HGA,
5HGB,
5HGD,
5HGH,
5HHM,
5HHN,
5HHO,
5HHP,
5HHQ,
5HYJ,
5IB1,
5IB2,
5IB3,
5IB4,
5IB5,
5IEH,
5IEK,
5IM7,
5INC,
5IND,
5IRO,
5ISZ,
5IUE,
5J1A,
5JHD,
5JZI,
5KNM,
5L2J,
5L2K,
5MEN,
5MEO,
5MEP,
5MEQ,
5MER,
5N1Y,
5N6B,
5NME,
5NMF,
5NMG,
5NMH,
5NMK,
5OPI,
5SWQ,
5T6W,
5T6X,
5T6Y,
5T6Z,
5T70,
5TEZ,
5TXS,
5U16,
5U17,
5U1R,
5U2V,
5U6Q,
5U72,
5U98,
5V5L,
5V5M,
5VGD,
5VGE,
5W1V,
5W1W,
5W67,
5W69,
5W6A,
5WER,
5WHK,
5WJL,
5WJN,
5WKE,
5WKF,
5WKG,
5WKH,
5WKI,
5WL1,
5WSH,
5WWI,
5WWJ,
5WWU,
5WXC,
5WXD,
5XOS,
5XOT,
5XOV,
6EI2,
2NTE,
2R1Z,
3C5R,
3FA2,
4BD2,
4BD7,
4BD8,
4S0O,
4S0P,
4ZIE,
4ZIF,
4ZIG,
4ZIH,
4ZII,
3WE2,
3WE3,
4CDG,
4CGZ,
4O3M,
1JNX,
1N5O,
1T15,
1T29,
1T2U,
1T2V,
1Y98,
2ING,
3COJ,
3K0H,
3K0K,
3K15,
3K16,
3PXA,
3PXB,
3PXC,
3PXD,
3PXE,
4IFI,
4IGK,
4JLU,
4OFB,
4U4A,
4Y18,
4Y2G,
2WVI,
3SI5,
1I4E,
2FUN,
3H11,
4JJ7,
4PRZ,
4PS1,
4ZBW,
5H31,
5H33,
5JQE,
3PFV,
3VGO,
3ZNI,
5YDE,
5YDF,
1O6S,
2O72,
2OMT,
2OMU,
2OMV,
2OMX,
2OMY,
2OMZ,
3FF7,
3FF8,
4ZT1,
4ZTE,
4CXA,
4NST,
4UN0,
5ACB,
6B3E,
1JSU,
5UQ3,
1BI7,
1G3N,
1IHB,
1MX2,
1MX4,
1MX6,
1GXC,
2CN5,
2CN8,
2W0J,
2W7X,
2WTC,
2WTD,
2WTI,
2WTJ,
2XBJ,
2XK9,
2XM8,
2XM9,
2YCF,
2YCQ,
2YCR,
2YCS,
2YIQ,
2YIR,
2YIT,
3I6U,
3I6W,
4A9R,
4A9S,
4A9T,
4A9U,
4BDA,
4BDB,
4BDC,
4BDD,
4BDE,
4BDF,
4BDG,
4BDH,
4BDI,
4BDJ,
4BDK,
4C0D,
4C0G,
5FU6,
5FU7,
5K5H,
5K5I,
5K5J,
5K5L,
5KKQ,
5T00,
5T0U,
5UND,
5YEF,
5YEH,
5YEL,
2VHF,
2I4I,
2JGN,
4PX9,
4PXA,
5E7I,
5E7J,
5E7M,
2EB1,
4NGB,
4NGC,
4NGD,
4NGF,
4NGG,
4NH3,
4NH5,
4NH6,
4NHA,
4WYQ,
2QRV,
3A1A,
3A1B,
3LLR,
4QBQ,
4QBR,
4QBS,
4U7P,
4U7T,
4ERN,
2ILR,
2IQC,
3EZQ,
3THM,
3TJE,
2OVP,
2OVQ,
2OVR,
5V4B,
3E04,
5D6B,
3V42,
1IC8,
1U6D,
1ZGK,
2FLU,
3VNG,
3VNH,
3ZGC,
3ZGD,
4CXI,
4CXJ,
4CXT,
4IFJ,
4IFL,
4IFN,
4IN4,
4IQK,
4L7B,
4L7C,
4L7D,
4N1B,
4XMB,
5DAD,
5DAF,
5F72,
5GIT,
5NLB,
5X54,
5F59,
5F6K,
1AN2,
1HLO,
5EYO,
3U84,
3U85,
3U86,
3U88,
4GPQ,
4GQ3,
4GQ4,
4GQ6,
4I80,
4OG3,
4OG4,
4OG5,
4OG6,
4OG7,
4OG8,
5DB0,
5DB1,
5DB2,
5DB3,
5DD9,
5DDA,
5DDB,
5DDC,
5DDD,
5DDE,
5DDF,
3RBN,
4P7A,
2O8B,
2O8C,
2O8D,
2O8E,
2O8F,
3THW,
3THX,
3THY,
3THZ,
2O8B,
2O8C,
2O8D,
2O8E,
2O8F,
3N5N,
4A69,
1H4R,
3U8Z,
4ZRI,
2W18,
3EU7,
3G0J,
3HMF,
3IU5,
3IU6,
3K2J,
3LJW,
3MB4,
3TLP,
4Q0N,
4Q0O,
4Y03,
5E7D,
5FH6,
5FH7,
5FH8,
5HRV,
5HRW,
5HRX,
5II1,
5II2,
5IID,
4NN2,
1H9O,
1PBW,
1PHT,
2IUG,
2IUH,
2IUI,
2RD0,
2V1Y,
3HHM,
3HIZ,
3I5R,
3I5S,
4A55,
4JPS,
4L1B,
4L23,
4L2Y,
4OVU,
4OVV,
4WAF,
4YKN,
4ZOP,
5AUL,
5FI4,
5GJI,
5ITD,
5M6U,
5SW8,
5SWG,
5SWO,
5SWP,
5SWR,
5SWT,
5SX8,
5SX9,
5SXA,
5SXB,
5SXC,
5SXD,
5SXE,
5SXF,
5SXI,
5SXJ,
5SXK,
5UBT,
5UK8,
5UKJ,
5UL1,
5VLR,
1EA6,
1H7S,
1H7U,
5VBN,
1XJV,
3KJO,
3KJP,
5H65,
5UN7,
1B3U,
2IE3,
2IE4,
2NPP,
2NYL,
2NYM,
2PKG,
3DW8,
3K7V,
3K7W,
4I5L,
4I5N,
4LAC,
5W0W,
3DAL,
1D5R,
5BUG,
5BZX,
5BZZ,
1WCH,
3LNX,
3LNY,
5GLJ,
2AHS,
2H02,
2H03,
2H04,
2HC1,
2HC2,
2I3R,
2I3U,
2I4E,
2I4G,
2I4H,
2I5X,
1YGR,
1YGU,
5FMV,
5FN6,
5FN7,
2OOQ,
1AD6,
1N4M,
2QDJ,
2R7G,
4ELJ,
4ELL,
4KNG,
2PA2,
4FMU,
4H12,
5JJY,
5JLB,
5JLE,
5LSS,
5LSX,
5LSY,
5LSZ,
5LT6,
5LT7,
5LT8,
5V21,
5V22,
1DEV,
1KHX,
1U7V,
1MHD,
1MJS,
1MK2,
1OZJ,
1U7F,
5OD6,
5ODG,
1DD1,
1G88,
1MR1,
1U7F,
1U7V,
1YGS,
5C4V,
5MEY,
5MEZ,
5MF0,
2GRC,
3UVD,
5DKD,
5EA1,
1OW1,
4P6Q,
3HQH,
3HQI,
3HQL,
3HQM,
3HSV,
3HTM,
3HU6,
3IVB,
3IVQ,
3IVV,
4EOZ,
4HS2,
4J8Z,
4O1V,
4PJU,
4PJW,
4PK7,
2WTK,
1M1L,
4BL8,
4KM8,
4KM9,
4KMD,
4KMH,
1KTZ,
1M9Z,
2PJY,
3KFD,
4P7U,
4XJJ,
5E8V,
5E8Y,
5E91,
5E92,
5TX4,
2VFJ,
3DKB,
3ZJD,
3ZJE,
3ZJF,
3ZJG,
4ZRH,
4ZS5,
5DOD,
5LRX,
1JMA,
2AW2,
4FHQ,
4RSU,
3PT3,
1LM8,
1LQB,
1VCB,
3ZRC,
3ZRF,
3ZTC,
3ZTD,
3ZUN,
4AJY,
4AWJ,
4B95,
4B9K,
4BKS,
4BKT,
4W9C,
4W9D,
4W9E,
4W9F,
4W9G,
4W9H,
4W9I,
4W9J,
4W9K,
4W9L,
4WQO,
5LLI,
5N4W,
5NVV,
5NVW,
5NVX,
5NVY,
5NVZ,
5NW0,
5NW1,
5NW2,
5T35,
2E1E,
2E1F,
2FBT,
2FBV,
2FBX,
2FBY,
2FC0,
3AAF,