3H9R,
3MTF,
3OOM,
3Q4U,
4BGG,
4C02,
4DYM,
5OXG,
5OY6,
6EIX,
1H10,
1UNP,
1UNQ,
1UNR,
2UVM,
2UZR,
2UZS,
3CQU,
3CQW,
3MV5,
3MVH,
3O96,
3OCB,
3OW4,
3QKK,
3QKL,
3QKM,
4EJN,
4EKK,
4EKL,
4GV1,
5KCV,
1GZK,
1GZN,
1GZO,
1MRV,
1MRY,
1O6K,
1O6L,
2JDO,
2JDR,
2UW9,
2X39,
2XH5,
3D0E,
3E87,
3E88,
3E8D,
1E3G,
1GS4,
1T5Z,
1T63,
1T65,
1XJ7,
1XQ3,
1Z95,
2AM9,
2AMA,
2AMB,
2AO6,
2AX6,
2AX7,
2AX8,
2AX9,
2AXA,
2HVC,
2OZ7,
2PIO,
2PIP,
2PIQ,
2PIR,
2PIT,
2PIU,
2PIV,
2PIW,
2PIX,
2PKL,
2PNU,
2Q7J,
2Q7L,
2YHD,
2YLO,
2YLP,
2YLQ,
2Z4J,
3B5R,
3B65,
3B66,
3B67,
3B68,
3L3X,
3L3Z,
3RLJ,
3RLL,
3ZQT,
4HLW,
4K7A,
4OEA,
4OED,
4OEY,
4OEZ,
4OFR,
4OFU,
4OGH,
4OH5,
4OH6,
4OHA,
4OIL,
4OIU,
4OJ9,
4OJB,
4OK1,
4OKB,
4OKT,
4OKW,
4OKX,
4OLM,
4QL8,
5JJM,
5T8E,
5T8J,
5V8Q,
4JUP,
4LWD,
1W98,
5L2W,
3KG5,
2W96,
2W99,
2W9F,
2W9Z,
3G33,
4O9I,
2D9Q,
3ODU,
3OE0,
3OE6,
3OE8,
3OE9,
2WUH,
1IVO,
1M14,
1M17,
1MOX,
1NQL,
1XKK,
1YY9,
2EB2,
2EB3,
2GS2,
2GS6,
2GS7,
2ITN,
2ITO,
2ITP,
2ITQ,
2ITT,
2ITU,
2ITV,
2ITW,
2ITX,
2ITY,
2ITZ,
2J5E,
2J5F,
2J6M,
2JIT,
2JIU,
2JIV,
2RF9,
2RFD,
2RFE,
2RGP,
3B2U,
3B2V,
3BEL,
3C09,
3GOP,
3GT8,
3IKA,
3LZB,
3NJP,
3P0Y,
3POZ,
3QWQ,
3UG1,
3UG2,
3VJN,
3VJO,
3W2O,
3W2P,
3W2Q,
3W2R,
3W2S,
3W32,
3W33,
4G5J,
4G5P,
4HJO,
4I1Z,
4I20,
4I21,
4I22,
4I23,
4I24,
4JQ7,
4JQ8,
4JR3,
4JRV,
4KRL,
4KRM,
4KRO,
4KRP,
4LI5,
4LL0,
4LQM,
4LRM,
4R3P,
4R3R,
4R5S,
4RIW,
4RIX,
4RIY,
4RJ4,
4RJ5,
4RJ6,
4RJ7,
4RJ8,
4TKS,
4UIP,
4UV7,
4WD5,
4WKQ,
4WRG,
4ZAU,
4ZJV,
4ZSE,
5C8K,
5C8M,
5C8N,
5CAL,
5CAN,
5CAO,
5CAP,
5CAQ,
5CAS,
5CAU,
5CAV,
5CNN,
5CNO,
5CZH,
5CZI,
5D41,
5EDP,
5EDQ,
5EDR,
5EM5,
5EM6,
5EM7,
5EM8,
5FED,
5FEE,
5FEQ,
5GMP,
5GNK,
5GTY,
5GTZ,
5HCX,
5HCY,
5HCZ,
5HG5,
5HG7,
5HG8,
5HG9,
5HIB,
5HIC,
5J9Y,
5J9Z,
5JEB,
5SX4,
5SX5,
5U8L,
5UG8,
5UG9,
5UGA,
5UGB,
5UGC,
5UWD,
5WB7,
5WB8,
5XDK,
5XDL,
5XGM,
5XGN,
5YU9,
6B3S,
1M6B,
3KEX,
3LMG,
3P11,
4LEO,
4OTW,
4P59,
4RIW,
4RIX,
4RIY,
5CUS,
4QQ5,
4QQC,
4QQJ,
4QQT,
4QRC,
4R6V,
4TYE,
4TYG,
4TYI,
4TYJ,
4UXQ,
4XCU,
5JKG,
1RJB,
3QS7,
3QS9,
4RT7,
4XUF,
4BSJ,
4BSK,
4LIJ,
3AV2,
3WTP,
4H9N,
4H9O,
4H9P,
4H9Q,
4H9R,
4H9S,
4HGA,
5AY8,
5B32,
5B33,
5KDM,
5X7X,
4H6J,
2CV5,
3AFA,
3AYW,
3AZE,
3AZF,
3AZG,
3AZH,
3AZI,
3AZJ,
3AZK,
3AZL,
3AZM,
3AZN,
3W96,
3W97,
3W98,
3W99,
3WA9,
3WAA,
3WKJ,
3X1S,
3X1T,
3X1U,
3X1V,
4YM5,
4YM6,
4Z2M,
5AV5,
5AV6,
5AV8,
5AV9,
5AVB,
5AVC,
5B24,
5B2I,
5B2J,
5B31,
5C3I,
5CPI,
5CPJ,
5CPK,
5GSE,
5GSU,
5GT0,
5GT3,
5GTC,
5JRG,
5XF3,
5XF4,
5XF5,
121P,
1AGP,
1BKD,
1CLU,
1CTQ,
1GNP,
1GNQ,
1GNR,
1HE8,
1IAQ,
1IOZ,
1JAH,
1JAI,
1K8R,
1LF0,
1LF5,
1LFD,
1NVU,
1NVV,
1NVW,
1NVX,
1P2S,
1P2T,
1P2U,
1P2V,
1PLJ,
1PLK,
1PLL,
1Q21,
1QRA,
1RVD,
1WQ1,
1XCM,
1XD2,
1XJ0,
1ZVQ,
1ZW6,
221P,
2C5L,
2CE2,
2CL0,
2CL6,
2CL7,
2CLC,
2CLD,
2EVW,
2Q21,
2QUZ,
2RGA,
2RGB,
2RGC,
2RGD,
2RGE,
2RGG,
2UZI,
2VH5,
2X1V,
3DDC,
3I3S,
3K8Y,
3K9L,
3K9N,
3KKM,
3KKN,
3KUD,
3L8Y,
3L8Z,
3LBH,
3LBI,
3LBN,
3LO5,
3OIU,
3OIV,
3OIW,
3RRY,
3RRZ,
3RS0,
3RS2,
3RS3,
3RS4,
3RS5,
3RS7,
3RSL,
3RSO,
3TGP,
421P,
4DLR,
4DLS,
4DLT,
4DLU,
4DLV,
4DLW,
4DLX,
4DLY,
4DLZ,
4DST,
4DSU,
4EFL,
4EFM,
4EFN,
4G0N,
4G3X,
4K81,
4L9S,
4L9W,
4NYI,
4NYJ,
4NYM,
4Q21,
4URU,
4URV,
4URW,
4URX,
4URY,
4URZ,
4US0,
4US1,
4US2,
4XVQ,
4XVR,
521P,
5B2Z,
5B30,
5E95,
5P21,
5VBE,
5VBZ,
5WDO,
5WDP,
5WDQ,
5WPL,
5X9S,
621P,
6AMB,
6AXG,
6Q21,
721P,
821P,
1T09,
1T0L,
3INM,
3MAP,
3MAR,
3MAS,
4I3K,
4I3L,
4KZO,
4L03,
4L04,
4L06,
4UMX,
4UMY,
4XRX,
4XS3,
5DE1,
5L57,
5L58,
5LGE,
5SUN,
5SVF,
5TQH,
5YFM,
5YFN,
6B0Z,
4JA8,
5I95,
5I96,
5SVN,
5SVO,
4E3C,
4KIK,
1BQU,
1I1R,
1P9M,
1PVH,
3L5H,
3L5I,
3L5J,
3DI2,
3DI3,
3UP1,
5J11,
1YVJ,
3LXK,
3LXL,
3PJC,
3ZC6,
4HVD,
4HVG,
4HVH,
4HVI,
4I6Q,
4QPS,
4QT1,
4RIO,
4V0G,
4Z16,
5LWM,
5LWN,
5TOZ,
5TTS,
5TTU,
5TTV,
5VO6,
5W86,
5WFJ,
1VR2,
1Y6A,
1Y6B,
1YWN,
2OH4,
2P2H,
2P2I,
2QU5,
2QU6,
2RL5,
2X1W,
2X1X,
2XIR,
3B8Q,
3B8R,
3BE2,
3C7Q,
3CJF,
3CJG,
3CP9,
3CPB,
3CPC,
3DTW,
3EFL,
3EWH,
3KVQ,
3S35,
3S36,
3S37,
3U6J,
3V2A,
3V6B,
3VHE,
3VHK,
3VID,
3VNT,
3VO3,
3WZD,
3WZE,
4AG8,
4AGC,
4AGD,
4ASD,
4ASE,
5EW3,
1PKG,
2E9W,
2EC8,
4HVS,
4K94,
4K9E,
4PGZ,
3GFT,
4DSN,
4DSO,
4EPR,
4EPT,
4EPV,
4EPW,
4EPX,
4EPY,
4L8G,
4LDJ,
4LPK,
4LRW,
4LUC,
4LV6,
4LYF,
4LYH,
4LYJ,
4M1O,
4M1S,
4M1T,
4M1W,
4M1Y,
4M21,
4M22,
4NMM,
4OBE,
4PZY,
4PZZ,
4Q01,
4Q02,
4Q03,
4TQ9,
4TQA,
4WA7,
5F2E,
5KYK,
5MLA,
5MLB,
5O2S,
5O2T,
5TAR,
5TB5,
5UFE,
5UFQ,
5UK9,
5UQW,
5US4,
5USJ,
5V6S,
5V6V,
5V71,
5V9L,
5V9O,
5VBM,
5VP7,
5VPI,
5VPY,
5VPZ,
5VQ0,
5VQ1,
5VQ2,
5VQ6,
5VQ8,
5W22,
5WHA,
5WHB,
5WHD,
5WHE,
5WLB,
5WPM,
5XCO,
1S9J,
2P55,
3DV3,
3DY7,
3E8N,
3EQB,
3EQC,
3EQD,
3EQF,
3EQG,
3EQH,
3EQI,
3MBL,
3ORN,
3OS3,
3PP1,
3V01,
3V04,
3VVH,
3W8Q,
3WIG,
3ZLS,
3ZLW,
3ZLX,
3ZLY,
3ZM4,
4AN2,
4AN3,
4AN9,
4ANB,
4ARK,
4LMN,
4MNE,
4U7Z,
4U80,
4U81,
5BX0,
5EYM,
5HZE,
1S9I,
1PME,
1TVO,
1WZY,
2OJG,
2OJI,
2OJJ,
2Y9Q,
3I5Z,
3I60,
3SA0,
3TEI,
3W55,
4FMQ,
4FUX,
4FUY,
4FV0,
4FV1,
4FV2,
4FV3,
4FV4,
4FV5,
4FV6,
4FV7,
4FV8,
4FV9,
4G6N,
4G6O,
4H3P,
4H3Q,
4IZ5,
4IZ7,
4IZA,
4N0S,
4NIF,
4O6E,
4QP1,
4QP2,
4QP3,
4QP4,
4QP6,
4QP7,
4QP8,
4QP9,
4QPA,
4QTA,
4QTE,
4XJ0,
4ZXT,
4ZZM,
4ZZN,
4ZZO,
5AX3,
5BUE,
5BUI,
5BUJ,
5BVD,
5BVE,
5BVF,
5K4I,
5LCJ,
5LCK,
5NGU,
5NHF,
5NHH,
5NHJ,
5NHL,
5NHO,
5NHP,
5NHV,
5V60,
5V61,
5V62,
1RV1,
1T4E,
1T4F,
1YCR,
2AXI,
2GV2,
3EQS,
3G03,
3IUX,
3IWY,
3JZK,
3JZR,
3JZS,
3LBK,
3LBL,
3LNJ,
3LNZ,
3TJ2,
3TPX,
3TU1,
3V3B,
3VBG,
3VZV,
3W69,
4DIJ,
4ERE,
4ERF,
4HBM,
4HFZ,
4HG7,
4JV7,
4JV9,
4JVE,
4JVR,
4JWR,
4MDN,
4MDQ,
4OAS,
4OBA,
4OCC,
4ODE,
4ODF,
4OGN,
4OGT,
4OGV,
4OQ3,
4QO4,
4QOC,
4UD7,
4UE1,
4UMN,
4WT2,
4XXB,
4ZFI,
4ZGK,
4ZYC,
4ZYF,
4ZYI,
5AFG,
5C5A,
5HMH,
5HMI,
5HMK,
5J7F,
5J7G,
5LAV,
5LAW,
5LAY,
5LAZ,
5LN2,
5SWK,
5TRF,
5WTS,
5XXK,
5Z02,
2VYR,
3DAB,
3EQY,
3FDO,
3FE7,
3FEA,
3JZO,
3JZP,
3JZQ,
3LBJ,
3U15,
4RXZ,
1R0P,
1R1W,
1SHY,
2G15,
2RFN,
2RFS,
2UZX,
2UZY,
2WD1,
2WGJ,
2WKM,
3A4P,
3C1X,
3CCN,
3CD8,
3CE3,
3CTH,
3CTJ,
3DKC,
3DKF,
3DKG,
3EFJ,
3EFK,
3F66,
3F82,
3I5N,
3L8V,
3LQ8,
3Q6U,
3Q6W,
3QTI,
3R7O,
3RHK,
3U6H,
3U6I,
3VW8,
3ZBX,
3ZC5,
3ZCL,
3ZXZ,
3ZZE,
4AOI,
4AP7,
4DEG,
4DEH,
4DEI,
4EEV,
4GG5,
4GG7,
4IWD,
4K3J,
4KNB,
4MXC,
4O3T,
4O3U,
4R1V,
4R1Y,
4XMO,
4XYF,
5DG5,
5EOB,
5EYC,
5EYD,
5HLW,
5HNI,
5HO6,
5HOA,
5HOR,
5HTI,
5T3Q,
5UAB,
5UAD,
5UAF,
1AUE,
1FAP,
1NSG,
2FAP,
3FAP,
4DRH,
4DRI,
4DRJ,
4FAP,
4JSN,
4JSP,
4JSV,
4JSX,
4JT5,
4JT6,
5GPG,
5WBH,
5WBU,
5WBY,
3MOP,
4DOM,
4EO7,
3CON,
5UHV,
2J2C,
2JC9,
2JCM,
2XCV,
2XCW,
2XCX,
2XJB,
2XJC,
2XJD,
2XJE,
2XJF,
4H4B,
5CQZ,
5CR7,
5K7Y,
5L4Z,
5L50,
2RD0,
3HHM,
3HIZ,
3ZIM,
4JPS,
4L1B,
4L23,
4L2Y,
4OVU,
4OVV,
4TUU,
4TV3,
4WAF,
4YKN,
4ZOP,
5DXH,
5DXT,
5FI4,
5ITD,
5SW8,
5SWG,
5SWO,
5SWP,
5SWR,
5SWT,
5SX8,
5SX9,
5SXA,
5SXB,
5SXC,
5SXD,
5SXE,
5SXF,
5SXI,
5SXJ,
5SXK,
5UBR,
5UK8,
5UKJ,
5UL1,
2GU8,
3AGL,
3AGM,
3AMA,
3AMB,
3L9L,
3L9M,
3L9N,
3MVJ,
3NX8,
3OOG,
3OVV,
3OWP,
3OXT,
3P0M,
3POO,
3VQH,
4AE6,
4AE9,
4UJ1,
4UJ2,
4UJ9,
4UJA,
4UJB,
4WB5,
4WB6,
4WB7,
4WB8,
5BX6,
5BX7,
5IZF,
5IZJ,
5J5X,
2SHP,
3B7O,
3MOW,
3O5X,
3TKZ,
3TL0,
3ZM0,
3ZM1,
3ZM2,
3ZM3,
4DGP,
4DGX,
4GWF,
4H1O,
4H34,
4JE4,
4JEG,
4NWF,
4NWG,
4OHD,
4OHE,
4OHH,
4OHI,
4OHL,
4PVG,
4QSY,
4RDD,
5DF6,
5EHP,
5EHR,
5I6V,
5IBM,
5IBS,
5X7B,
5X94,
5XZR,
6BMR,
6BMU,
6BMV,
6BMW,
6BMX,
6BMY,
6BN5,
1E96,
1FOE,
1G4U,
1HE1,
1HH4,
1I4D,
1I4L,
1I4T,
1MH1,
1RYF,
1RYH,
2FJU,
2H7V,
2NZ8,
2P2L,
2VRW,
2WKP,
2WKQ,
2WKR,
2YIN,
3B13,
3BJI,
3RYT,
3SBD,
3SBE,
3SU8,
3SUA,
3TH5,
4GZL,
4GZM,
4YON,
5FI0,
5HZH,
5N6O,
5O33,
6BC1,
5IFE,
4EGC,
4JKV,
4N4W,
1A07,
1A08,
1A09,
1A1A,
1A1B,
1A1C,
1A1E,
1FMK,
1KSW,
1O41,
1O42,
1O43,
1O44,
1O45,
1O46,
1O47,
1O48,
1O49,
1O4A,
1O4B,
1O4C,
1O4D,
1O4E,
1O4F,
1O4G,
1O4H,
1O4I,
1O4J,
1O4K,
1O4L,
1O4M,
1O4N,
1O4O,
1O4P,
1O4Q,
1O4R,
1SHD,
1Y57,
1YI6,
1YOJ,
1YOL,
1YOM,
2BDF,
2BDJ,
2H8H,
2SRC,
4F59,
4F5A,
4F5B,
4K11,
4MXO,
4MXX,
4MXY,
4MXZ,
2XWT,
3G04,
1JMT,
2A9U,
2GFO,
2GWF,
3N3K,
1W9C,
3GB8,
4BSM,
4BSN,
5DIS,